Index,Ms_Total,Ms_Draw,Ms_SetUniforms,Ms_Tick,Ms_TickAnimation,Ms_DynamicCastMatter,Ms_BuildParameters,Ms_ComputeModelMatrix,Ms_GenerateMesh,Ms_GenerateMesh_Positions,Ms_GenerateMesh_Colors,Ms_Swap,Ms_Swap,Ms_Test,Ms_Test2,
1,303,38,3,7,6,1,118,0,99,35.5631,56.7087,6.72816,16,0,0,
2,85,0,2,7,6,0,16,5,33,0,0,0,12,0,0,
3,94,1,2,6,6,0,42,9,20,0,0,0,5,0,0,
4,69,1,0,6,6,0,18,2,26,0,0,0,6,0,0,
5,50,2,2,6,6,1,12,2,19,0,0,0,2,0,0,
6,66,1,0,6,4,0,29,1,19,0,0,0,1,0,0,
7,52,2,2,6,5,0,13,2,19,0,0,0,1,0,0,
8,54,1,1,6,6,1,15,1,20,0,0,0,2,0,0,
9,119,1,2,7,7,1,24,36,24,0,0,0,1,0,0,
10,92,1,0,7,6,0,33,15,24,0,0,0,2,0,0,
11,100,0,1,6,6,0,30,29,19,0,0,0,1,0,0,
12,58,1,1,6,6,0,13,5,24,0,0,0,1,0,0,
13,60,1,1,7,6,0,16,5,19,0,0,0,2,0,0,
14,113,0,5,6,6,0,43,5,43,0,0,0,4,0,0,
15,68,1,1,5,3,0,21,7,18,0,0,0,4,0,0,
16,74,1,1,6,3,0,25,8,20,0,0,0,6,0,0,
17,60,0,4,5,5,0,20,1,21,0,0,0,4,0,0,
18,52,0,1,4,2,2,16,1,21,0,0,0,1,0,0,
19,46,2,1,5,5,0,11,0,15,0,0,0,6,0,0,
20,43,1,1,5,2,1,13,0,15,0,0,0,1,0,0,
21,53,0,3,5,4,0,19,0,16,0,0,0,4,0,0,
22,52,1,2,5,4,2,10,2,21,0,0,0,5,0,0,
23,43,0,1,4,3,0,13,1,17,0,0,0,1,0,0,
24,40,3,1,5,4,0,8,1,15,0,0,0,4,0,0,
25,30,0,0,3,2,0,8,0,13,0,0,0,0,0,0,
26,33,0,1,4,3,0,7,0,14,0,0,0,2,0,0,
27,46,0,3,4,3,0,7,1,28,0,0,0,1,0,0,
28,40,0,2,4,1,2,9,0,17,0,0,0,1,0,0,
29,34,1,1,5,4,0,7,1,13,0,0,0,1,0,0,
30,31,1,0,4,3,1,8,0,13,0,0,0,1,0,0,
31,31,1,1,3,2,0,8,0,13,0,0,0,0,0,0,
32,30,0,0,4,4,0,7,1,13,0,0,0,1,0,0,
33,33,1,0,4,3,0,7,1,14,0,0,0,0,0,0,
34,33,0,1,4,1,0,8,1,15,0,0,0,0,0,0,
35,38,0,0,4,2,1,8,2,15,0,0,0,3,0,0,
36,41,2,1,5,5,1,8,1,16,0,0,0,2,0,0,
37,48,1,2,4,4,0,11,0,19,0,0,0,5,0,0,
38,56,0,2,4,4,0,8,6,22,0,0,0,1,0,0,
39,38,0,2,5,5,0,9,0,13,0,0,0,4,0,0,
40,29,0,0,4,3,0,8,0,13,0,0,0,0,0,0,
41,27,1,0,4,3,0,6,0,11,0,0,0,2,0,0,
42,26,0,1,3,2,0,6,0,11,0,0,0,1,0,0,
43,25,0,0,3,2,0,7,0,11,0,0,0,0,0,0,
44,27,1,0,4,4,0,6,0,12,0,0,0,0,0,0,
45,26,0,0,3,3,0,7,0,12,0,0,0,0,0,0,
46,31,0,2,3,2,0,8,0,13,0,0,0,1,0,0,
47,27,1,1,4,3,0,7,0,11,0,0,0,0,0,0,
48,25,1,1,3,3,0,6,0,12,0,0,0,1,0,0,
49,28,1,0,4,3,1,6,0,12,0,0,0,0,0,0,
50,27,1,1,2,2,0,6,0,12,0,0,0,1,0,0,
51,26,1,1,3,1,0,6,1,11,0,0,0,1,0,0,
52,25,1,0,3,2,0,6,0,10,0,0,0,1,0,0,
53,29,1,2,4,4,0,6,0,12,0,0,0,1,0,0,
54,33,1,0,4,3,0,7,0,13,0,0,0,1,0,0,
55,30,1,0,5,3,0,6,0,12,0,0,0,1,0,0,
56,27,1,2,4,3,0,7,0,11,0,0,0,0,0,0,
57,27,0,0,3,3,0,6,1,10,0,0,0,2,0,0,
58,26,0,1,4,3,0,6,0,12,0,0,0,0,0,0,
59,28,0,1,4,4,1,7,0,11,0,0,0,1,0,0,
60,26,0,0,3,3,0,6,1,11,0,0,0,1,0,0,
61,32,0,0,3,2,1,7,1,13,0,0,0,1,0,0,
62,29,0,1,4,4,0,7,1,11,0,0,0,1,0,0,
63,26,0,1,4,2,0,6,1,11,0,0,0,1,0,0,
64,27,0,0,4,4,0,5,1,12,0,0,0,1,0,0,
65,27,1,0,3,2,0,6,0,11,0,0,0,1,0,0,
66,26,0,0,3,2,0,6,0,11,0,0,0,1,0,0,
67,27,0,1,3,2,1,6,0,11,0,0,0,2,0,0,
68,27,0,1,3,3,1,6,0,12,0,0,0,1,0,0,
69,33,0,0,3,1,0,6,1,14,0,0,0,3,0,0,
70,27,1,0,4,4,0,6,1,11,0,0,0,0,0,0,
71,27,0,1,3,2,0,6,1,11,0,0,0,1,0,0,
72,26,1,1,4,3,0,6,0,12,0,0,0,0,0,0,
73,26,0,1,4,3,0,6,0,11,0,0,0,0,0,0,
74,26,0,0,3,2,1,7,0,11,0,0,0,1,0,0,
75,26,1,1,3,3,0,6,0,11,0,0,0,0,0,0,
76,27,0,0,3,1,1,7,0,11,0,0,0,1,0,0,
77,33,1,0,4,4,0,6,5,13,0,0,0,0,0,0,
78,31,0,1,3,3,1,8,1,13,0,0,0,1,0,0,
79,33,1,0,4,3,1,6,0,13,0,0,0,3,0,0,
80,26,0,1,4,3,0,6,1,11,0,0,0,1,0,0,
81,26,1,1,3,3,1,7,0,11,0,0,0,0,0,0,
82,26,0,1,3,2,0,6,0,10,0,0,0,2,0,0,
83,28,0,1,4,2,0,7,0,11,0,0,0,1,0,0,
84,29,2,0,4,3,0,7,1,12,0,0,0,0,0,0,
85,34,2,1,4,4,0,8,1,12,0,0,0,1,0,0,
86,30,0,1,4,4,0,8,0,11,0,0,0,1,0,0,
87,29,1,0,3,2,0,7,0,13,0,0,0,1,0,0,
88,26,1,0,3,2,0,7,0,11,0,0,0,0,0,0,
89,25,0,0,3,3,0,7,0,11,0,0,0,0,0,0,
90,27,0,0,3,3,0,6,0,12,0,0,0,2,0,0,
91,26,1,1,3,2,0,7,0,10,0,0,0,2,0,0,
92,33,1,1,4,2,1,7,1,12,0,0,0,3,0,0,
93,28,0,0,4,4,0,7,1,11,0,0,0,1,0,0,
94,27,2,0,3,1,0,7,0,12,0,0,0,1,0,0,
95,27,1,1,3,3,0,7,0,11,0,0,0,1,0,0,
96,26,0,0,3,3,0,6,0,11,0,0,0,1,0,0,
97,28,1,0,5,4,0,7,1,11,0,0,0,1,0,0,
98,27,0,1,3,3,0,7,0,11,0,0,0,1,0,0,
99,27,0,0,4,3,0,6,0,12,0,0,0,1,0,0,
100,28,1,1,4,3,0,7,0,13,0,0,0,0,0,0,
101,32,0,0,5,2,1,8,1,11,0,0,0,1,0,0,
102,30,1,1,4,4,0,7,0,11,0,0,0,3,0,0,
103,27,0,0,3,1,0,6,0,12,0,0,0,1,0,0,
104,28,0,0,4,3,0,6,0,13,0,0,0,0,0,0,
105,26,1,1,4,3,0,7,0,11,0,0,0,0,0,0,
106,26,1,0,3,2,0,6,1,11,0,0,0,0,0,0,
107,32,0,0,3,2,1,7,0,12,0,0,0,2,0,0,
108,31,0,0,4,2,0,8,0,12,0,0,0,2,0,0,
109,26,0,0,3,1,0,6,1,11,0,0,0,1,0,0,
110,28,2,0,3,3,0,7,0,11,0,0,0,2,0,0,
111,26,0,1,3,2,0,6,0,11,0,0,0,0,0,0,
112,26,0,2,3,3,1,6,0,12,0,0,0,0,0,0,
113,28,0,0,3,1,0,6,0,11,0,0,0,3,0,0,
114,25,0,0,3,1,0,7,1,10,0,0,0,1,0,0,
115,33,0,0,4,3,0,7,1,13,0,0,0,4,0,0,
116,31,1,0,4,4,0,8,0,12,0,0,0,3,0,0,
117,26,0,0,3,2,0,6,0,11,0,0,0,1,0,0,
118,27,0,2,4,3,0,7,1,10,0,0,0,2,0,0,
119,26,0,1,3,3,0,6,1,11,0,0,0,1,0,0,
120,27,0,0,3,2,0,6,0,12,0,0,0,1,0,0,
121,27,1,0,4,3,0,6,0,12,0,0,0,1,0,0,
122,29,3,0,4,4,0,6,0,12,0,0,0,1,0,0,
123,30,0,2,4,2,0,6,0,12,0,0,0,2,0,0,
124,28,0,0,5,4,0,7,1,10,0,0,0,2,0,0,
125,27,0,1,4,3,0,6,1,10,0,0,0,3,0,0,
126,25,0,1,3,3,0,6,0,12,0,0,0,0,0,0,
127,28,0,0,3,2,0,7,0,11,0,0,0,1,0,0,
128,27,0,0,4,3,0,6,1,11,0,0,0,1,0,0,
129,27,0,0,3,3,0,7,1,11,0,0,0,1,0,0,
130,28,1,1,3,1,0,6,1,12,0,0,0,0,0,0,
131,29,1,0,3,2,0,8,0,13,0,0,0,0,0,0,
132,29,0,0,4,2,0,6,0,12,0,0,0,2,0,0,
133,26,0,0,4,4,0,6,1,11,0,0,0,1,0,0,
134,27,2,0,3,2,0,7,0,11,0,0,0,1,0,0,
135,27,0,0,4,4,1,6,0,12,0,0,0,1,0,0,
136,27,1,0,4,4,0,7,0,11,0,0,0,1,0,0,
137,26,0,0,4,3,0,7,0,10,0,0,0,1,0,0,
138,28,0,0,4,2,0,7,1,12,0,0,0,1,0,0,
139,37,0,1,4,3,0,12,0,15,0,0,0,1,0,0,
140,29,1,0,4,4,0,6,1,13,0,0,0,1,0,0,
141,27,0,0,3,2,1,6,1,11,0,0,0,0,0,0,
142,27,0,1,3,3,0,6,1,12,0,0,0,0,0,0,
143,26,0,1,3,2,0,6,0,12,0,0,0,0,0,0,
144,27,0,0,3,3,1,7,1,11,0,0,0,1,0,0,
145,31,1,1,4,1,0,6,1,11,0,0,0,2,0,0,
146,33,0,2,3,3,0,9,0,12,0,0,0,2,0,0,
147,27,0,0,2,2,1,6,0,11,0,0,0,1,0,0,
148,28,1,0,4,4,0,7,0,12,0,0,0,1,0,0,
149,27,1,0,4,3,0,7,0,11,0,0,0,1,0,0,
150,27,1,0,4,3,0,6,1,11,0,0,0,0,0,0,
151,27,0,0,3,3,1,7,0,11,0,0,0,1,0,0,
152,26,0,0,4,4,0,6,0,11,0,0,0,1,0,0,
153,34,0,1,6,4,0,7,1,13,0,0,0,2,0,0,
154,28,1,0,3,2,0,6,1,12,0,0,0,1,0,0,
155,28,1,1,3,2,0,7,1,12,0,0,0,1,0,0,
156,25,0,1,3,3,0,6,0,11,0,0,0,0,0,0,
157,27,0,0,3,3,0,7,0,12,0,0,0,0,0,0,
158,27,2,1,3,2,0,8,1,10,0,0,0,1,0,0,
159,27,1,0,4,3,0,6,0,11,0,0,0,1,0,0,
160,27,0,1,4,3,0,6,1,11,0,0,0,0,0,0,
161,27,0,0,4,1,0,7,1,10,0,0,0,1,0,0,
162,31,2,0,4,2,0,7,1,12,0,0,0,2,0,0,
163,28,1,0,3,1,0,6,0,12,0,0,0,3,0,0,
164,26,1,0,3,3,0,6,1,11,0,0,0,1,0,0,
165,28,0,2,4,2,0,8,0,11,0,0,0,0,0,0,
166,26,1,0,4,2,0,6,0,12,0,0,0,0,0,0,
167,29,0,1,3,3,0,7,1,11,0,0,0,3,0,0,
168,29,0,0,3,3,0,6,0,11,0,0,0,4,0,0,
169,29,0,0,4,2,0,7,0,11,0,0,0,2,0,0,
170,30,0,0,4,3,0,7,0,13,0,0,0,1,0,0,
171,28,1,0,4,4,0,7,0,11,0,0,0,2,0,0,
172,25,0,0,3,3,0,7,0,11,0,0,0,0,0,0,
173,27,0,0,4,3,1,7,0,11,0,0,0,1,0,0,
174,32,0,1,5,4,0,6,1,12,0,0,0,1,0,0,
175,27,0,0,3,3,0,6,1,11,0,0,0,1,0,0,
176,31,2,0,3,2,0,7,1,14,0,0,0,1,0,0,
177,30,0,1,3,3,0,6,1,14,0,0,0,1,0,0,
178,27,0,1,3,2,0,6,0,12,0,0,0,1,0,0,
179,26,0,1,3,3,1,7,0,11,0,0,0,0,0,0,
180,28,1,0,3,1,0,6,0,12,0,0,0,1,0,0,
181,27,0,0,4,4,0,7,1,11,0,0,0,1,0,0,
182,26,1,0,4,2,0,6,0,12,0,0,0,0,0,0,
183,27,0,1,3,2,0,6,0,12,0,0,0,1,0,0,
184,28,0,0,3,2,0,7,1,12,0,0,0,1,0,0,
185,30,1,0,3,3,1,8,0,12,0,0,0,1,0,0,
186,27,0,0,4,2,0,8,1,10,0,0,0,1,0,0,
187,26,0,0,4,4,0,6,1,11,0,0,0,0,0,0,
188,27,1,0,3,3,0,8,0,11,0,0,0,0,0,0,
189,27,0,0,3,2,0,7,1,11,0,0,0,1,0,0,
190,26,1,0,4,3,0,6,1,10,0,0,0,1,0,0,
191,26,0,0,3,2,0,7,0,10,0,0,0,1,0,0,
192,28,0,1,3,3,0,7,0,12,0,0,0,1,0,0,
193,30,0,0,3,3,1,7,1,13,0,0,0,1,0,0,
194,27,0,1,5,4,0,6,1,11,0,0,0,0,0,0,
195,30,0,0,3,3,0,8,1,11,0,0,0,1,0,0,
196,25,1,0,3,3,0,7,0,11,0,0,0,0,0,0,
197,27,0,0,5,5,0,6,0,12,0,0,0,0,0,0,
198,28,1,1,4,2,0,7,1,10,0,0,0,2,0,0,
199,32,1,1,3,2,1,6,0,13,0,0,0,3,0,0,
200,32,0,0,4,4,0,6,2,14,0,0,0,1,0,0,
201,34,1,0,3,3,0,6,0,12,0,0,0,6,0,0,
202,28,0,1,4,3,0,7,0,12,0,0,0,0,0,0,
203,26,1,0,4,3,0,6,0,11,0,0,0,1,0,0,
204,27,1,0,4,3,1,7,0,11,0,0,0,1,0,0,
205,26,0,1,4,3,1,7,0,11,0,0,0,0,0,0,
206,33,1,0,4,3,0,7,0,11,0,0,0,3,0,0,
207,31,0,0,4,2,1,7,0,14,0,0,0,1,0,0,
208,30,0,1,3,2,0,6,0,12,0,0,0,3,0,0,
209,26,0,0,3,3,0,7,0,11,0,0,0,0,0,0,
210,26,0,1,3,2,0,7,0,11,0,0,0,0,0,0,
211,26,0,1,3,2,0,7,1,11,0,0,0,0,0,0,
212,27,1,0,3,3,0,6,1,11,0,0,0,0,0,0,
213,27,1,0,3,3,0,7,0,12,0,0,0,0,0,0,
214,29,0,0,3,3,0,7,1,12,0,0,0,2,0,0,
215,29,0,0,5,4,0,8,1,11,0,0,0,1,0,0,
216,26,0,0,2,2,0,6,1,11,0,0,0,1,0,0,
217,28,0,1,4,2,0,7,0,11,0,0,0,2,0,0,
218,27,1,0,4,3,0,6,0,11,0,0,0,1,0,0,
219,26,1,0,3,2,0,7,0,11,0,0,0,1,0,0,
220,28,1,1,4,4,0,7,0,11,0,0,0,2,0,0,
221,26,1,0,3,2,0,6,0,12,0,0,0,0,0,0,
222,37,0,0,3,3,0,6,4,13,0,0,0,4,0,0,
223,27,0,0,3,2,0,6,1,11,0,0,0,1,0,0,
224,29,0,1,4,2,0,7,1,13,0,0,0,1,0,0,
225,27,0,1,3,2,0,7,0,11,0,0,0,1,0,0,
226,26,0,1,4,4,1,7,0,11,0,0,0,0,0,0,
227,24,0,0,3,2,0,7,0,9,0,0,0,1,0,0,
228,27,0,0,3,3,0,7,1,11,0,0,0,1,0,0,
229,27,0,0,4,4,0,6,0,12,0,0,0,0,0,0,
230,30,3,0,4,3,0,8,1,12,0,0,0,1,0,0,
231,30,2,0,4,3,0,8,1,12,0,0,0,0,0,0,
232,36,2,1,3,2,0,7,1,12,0,0,0,7,0,0,
233,25,1,0,2,1,0,6,1,11,0,0,0,1,0,0,
234,27,0,0,4,4,0,7,1,11,0,0,0,1,0,0,
235,29,0,1,4,3,0,7,0,11,0,0,0,3,0,0,
236,26,1,1,3,1,0,6,0,12,0,0,0,0,0,0,
237,31,0,1,3,3,0,8,1,11,0,0,0,3,0,0,
238,30,1,0,4,3,0,8,0,11,0,0,0,2,0,0,
239,29,0,1,5,4,0,8,0,11,0,0,0,0,0,0,
240,28,1,0,3,3,0,6,0,11,0,0,0,2,0,0,
241,27,2,0,4,4,0,6,0,12,0,0,0,1,0,0,
242,28,1,1,3,3,1,7,0,10,0,0,0,3,0,0,
243,27,1,0,3,1,0,5,1,11,0,0,0,2,0,0,
244,29,0,0,5,5,0,7,0,12,0,0,0,1,0,0,
245,28,1,1,4,1,0,7,0,11,0,0,0,1,0,0,
246,29,0,0,4,4,0,7,0,11,0,0,0,2,0,0,
247,32,1,0,4,3,0,7,1,13,0,0,0,1,0,0,
248,28,0,1,4,3,0,6,0,11,0,0,0,2,0,0,
249,27,0,1,3,3,0,6,1,11,0,0,0,0,0,0,
250,30,2,0,3,2,0,7,0,11,0,0,0,3,0,0,
251,27,0,1,3,2,0,6,0,12,0,0,0,1,0,0,
252,29,2,0,4,2,0,7,1,11,0,0,0,2,0,0,
253,28,0,1,3,3,0,8,1,11,0,0,0,1,0,0,
254,28,1,0,2,0,0,6,1,13,0,0,0,1,0,0,
255,28,1,0,3,1,0,6,1,11,0,0,0,2,0,0,
256,26,0,1,4,3,1,6,1,11,0,0,0,0,0,0,
257,26,1,0,3,3,0,8,0,10,0,0,0,0,0,0,
258,26,0,0,3,2,1,7,0,11,0,0,0,1,0,0,
259,26,1,0,4,4,0,7,0,11,0,0,0,0,0,0,
260,26,2,0,3,1,0,7,0,12,0,0,0,0,0,0,
261,28,0,1,3,3,0,7,0,14,0,0,0,0,0,0,
262,31,0,0,3,1,0,9,1,13,0,0,0,1,0,0,
263,28,1,1,4,4,0,6,1,11,0,0,0,3,0,0,
264,27,0,0,3,3,0,6,0,11,0,0,0,2,0,0,
265,27,1,1,3,3,0,6,1,11,0,0,0,1,0,0,
266,28,0,0,3,3,0,6,0,11,0,0,0,2,0,0,
267,26,1,1,3,3,0,6,0,12,0,0,0,0,0,0,
268,26,0,1,4,3,0,6,1,11,0,0,0,1,0,0,
269,29,0,0,3,3,1,7,1,13,0,0,0,0,0,0,
270,33,0,0,3,2,0,7,1,15,0,0,0,3,0,0,
271,27,1,0,4,4,0,6,0,11,0,0,0,1,0,0,
272,26,0,0,3,2,0,7,0,10,0,0,0,1,0,0,
273,26,0,1,3,3,0,6,0,12,0,0,0,0,0,0,
274,25,0,1,3,2,0,8,1,9,0,0,0,0,0,0,
275,26,1,1,3,2,0,7,1,10,0,0,0,0,0,0,
276,27,0,0,4,3,0,6,1,12,0,0,0,1,0,0,
277,29,0,0,3,2,0,6,1,13,0,0,0,1,0,0,
278,32,0,3,3,2,0,7,0,13,0,0,0,4,0,0,
279,26,0,0,3,3,0,6,0,11,0,0,0,1,0,0,
280,28,0,0,3,2,0,7,1,10,0,0,0,2,0,0,
281,26,1,0,3,2,1,6,1,11,0,0,0,1,0,0,
282,26,1,0,3,3,0,6,1,11,0,0,0,1,0,0,
283,26,1,0,3,2,0,7,0,11,0,0,0,0,0,0,
284,26,0,1,4,2,0,6,1,11,0,0,0,1,0,0,
285,30,1,1,4,3,1,6,0,12,0,0,0,1,0,0,
286,28,0,1,3,2,1,7,0,13,0,0,0,1,0,0,
287,27,0,2,2,1,0,7,0,11,0,0,0,1,0,0,
288,28,0,1,3,1,0,7,0,11,0,0,0,2,0,0,
289,27,0,0,3,2,0,7,0,11,0,0,0,1,0,0,
290,28,1,1,3,3,0,6,0,12,0,0,0,2,0,0,
291,26,0,1,3,3,0,6,0,12,0,0,0,0,0,0,
292,27,1,0,4,4,1,7,1,9,0,0,0,1,0,0,
293,35,1,0,3,2,1,9,2,12,0,0,0,4,0,0,
294,29,0,0,4,4,1,8,1,11,0,0,0,0,0,0,
295,31,2,0,3,2,0,6,0,12,0,0,0,4,0,0,
296,26,1,0,4,4,0,6,0,12,0,0,0,0,0,0,
297,27,0,0,3,3,0,6,1,11,0,0,0,1,0,0,
298,26,1,0,3,2,0,6,0,12,0,0,0,1,0,0,
299,26,1,0,4,4,0,6,0,12,0,0,0,0,0,0,
300,31,2,0,3,3,0,7,1,11,0,0,0,3,0,0,
301,40,1,0,5,4,0,10,1,13,0,0,0,3,0,0,
302,32,1,1,4,3,0,8,1,13,0,0,0,1,0,0,
303,29,0,0,4,2,1,7,0,11,0,0,0,3,0,0,
304,27,0,0,3,3,0,6,0,12,0,0,0,2,0,0,
305,26,1,1,4,4,0,6,1,11,0,0,0,1,0,0,
306,31,0,0,3,2,1,7,1,11,0,0,0,3,0,0,
307,29,2,0,4,2,0,7,0,11,0,0,0,2,0,0,
308,33,1,0,4,3,0,7,1,14,0,0,0,2,0,0,
309,26,0,0,4,3,0,6,0,12,0,0,0,0,0,0,
310,26,1,0,3,3,0,7,1,11,0,0,0,1,0,0,
311,29,1,0,3,3,0,7,1,10,0,0,0,3,0,0,
312,27,0,1,3,2,0,6,0,11,0,0,0,2,0,0,
313,26,0,0,4,3,0,6,0,11,0,0,0,1,0,0,
314,26,0,0,3,3,0,7,0,11,0,0,0,1,0,0,
315,29,0,1,3,3,0,7,0,12,0,0,0,2,0,0,
316,34,1,1,3,3,1,8,1,13,0,0,0,3,0,0,
317,26,0,0,3,3,0,6,0,11,0,0,0,1,0,0,
318,26,0,1,3,2,0,7,1,10,0,0,0,1,0,0,
319,26,0,0,3,2,0,6,1,11,0,0,0,1,0,0,
320,25,0,1,3,3,1,7,0,11,0,0,0,0,0,0,
321,28,0,0,4,1,0,7,0,11,0,0,0,1,0,0,
322,27,0,0,4,2,0,7,0,11,0,0,0,1,0,0,
323,28,0,0,2,2,1,6,0,12,0,0,0,2,0,0,
324,30,1,0,4,2,0,7,0,11,0,0,0,3,0,0,
325,29,0,0,4,3,0,7,1,12,0,0,0,1,0,0,
326,28,1,1,3,3,0,7,0,11,0,0,0,1,0,0,
327,27,2,0,3,1,0,7,1,11,0,0,0,0,0,0,
328,25,0,1,3,3,0,6,0,11,0,0,0,0,0,0,
329,26,0,1,3,2,0,7,1,11,0,0,0,1,0,0,
330,26,0,2,3,2,0,6,1,11,0,0,0,1,0,0,
331,25,1,0,3,3,0,6,0,11,0,0,0,1,0,0,
332,29,0,0,5,5,0,7,1,11,0,0,0,1,0,0,
333,29,1,0,3,3,0,8,0,13,0,0,0,0,0,0,
334,25,0,0,3,2,1,7,0,11,0,0,0,0,0,0,
335,26,0,1,2,1,0,7,0,11,0,0,0,1,0,0,
336,25,0,2,3,3,1,7,0,11,0,0,0,0,0,0,
337,27,2,1,2,2,0,7,0,11,0,0,0,1,0,0,
338,27,1,1,3,2,0,6,1,11,0,0,0,2,0,0,
339,26,0,1,2,1,0,6,0,11,0,0,0,0,0,0,
340,30,1,0,4,2,0,7,0,13,0,0,0,1,0,0,
341,27,0,0,3,3,1,6,0,12,0,0,0,2,0,0,
342,26,0,0,4,3,0,6,0,12,0,0,0,0,0,0,
343,28,0,0,2,2,0,7,0,11,0,0,0,2,0,0,
344,27,0,0,3,3,0,7,0,12,0,0,0,1,0,0,
345,27,1,0,3,1,0,8,1,11,0,0,0,0,0,0,
346,25,0,1,2,1,0,6,0,11,0,0,0,0,0,0,
347,27,1,1,2,2,0,7,1,11,0,0,0,1,0,0,
348,27,1,0,4,4,0,6,0,11,0,0,0,0,0,0,
349,28,0,1,4,4,0,7,0,12,0,0,0,0,0,0,
350,27,0,0,3,1,0,7,0,11,0,0,0,1,0,0,
351,27,0,0,3,2,0,7,0,11,0,0,0,2,0,0,
352,25,0,0,3,2,0,6,0,12,0,0,0,0,0,0,
353,25,0,0,3,3,2,7,0,11,0,0,0,0,0,0,
354,25,0,1,3,3,0,6,0,11,0,0,0,0,0,0,
355,27,1,1,3,3,0,7,1,10,0,0,0,1,0,0,
356,27,0,0,3,2,0,7,0,12,0,0,0,0,0,0,
357,30,0,1,2,2,1,7,0,13,0,0,0,1,0,0,
358,27,0,1,4,3,0,6,0,12,0,0,0,0,0,0,
359,26,2,0,2,1,1,8,0,11,0,0,0,0,0,0,
360,26,0,1,2,2,0,6,0,12,0,0,0,0,0,0,
361,24,0,1,3,2,0,7,0,10,0,0,0,0,0,0,
362,26,0,0,2,1,0,6,0,11,0,0,0,1,0,0,
363,24,0,1,2,1,1,7,0,9,0,0,0,1,0,0,
364,35,2,1,3,3,0,8,2,12,0,0,0,3,0,0,
365,30,1,0,4,4,0,8,1,12,0,0,0,1,0,0,
366,29,2,0,3,3,0,8,0,12,0,0,0,1,0,0,
367,25,0,1,3,3,0,6,0,11,0,0,0,0,0,0,
368,26,1,1,3,3,0,6,0,12,0,0,0,0,0,0,
369,26,0,0,3,2,0,6,0,12,0,0,0,1,0,0,
370,26,2,0,3,2,1,6,0,12,0,0,0,0,0,0,
371,25,0,0,2,2,0,6,0,12,0,0,0,1,0,0,
372,29,1,1,3,3,0,9,0,12,0,0,0,0,0,0,
373,29,0,0,3,3,0,7,1,13,0,0,0,1,0,0,
374,28,0,1,3,3,0,6,1,12,0,0,0,1,0,0,
375,26,0,0,3,2,0,7,0,11,0,0,0,0,0,0,
376,25,0,1,2,2,0,6,1,11,0,0,0,1,0,0,
377,24,1,1,3,1,0,6,0,8,0,0,0,0,0,0,
378,26,0,0,2,2,0,6,0,11,0,0,0,1,0,0,
379,25,0,1,4,4,0,6,0,11,0,0,0,0,0,0,
380,26,1,0,2,2,1,6,0,13,0,0,0,0,0,0,
381,27,1,0,3,3,0,6,0,13,0,0,0,0,0,0,
382,26,1,0,3,1,0,7,0,11,0,0,0,0,0,0,
383,27,0,1,2,1,0,7,1,11,0,0,0,2,0,0,
384,26,1,0,3,3,1,7,0,12,0,0,0,0,0,0,
385,26,0,1,3,2,0,7,0,11,0,0,0,1,0,0,
386,25,1,0,2,1,0,7,0,11,0,0,0,0,0,0,
387,27,1,0,2,2,1,8,0,11,0,0,0,1,0,0,
388,28,0,1,3,1,0,7,0,13,0,0,0,1,0,0,
389,28,0,2,3,2,1,6,1,12,0,0,0,0,0,0,
390,28,1,1,2,2,0,7,0,11,0,0,0,2,0,0,
391,25,0,0,3,3,0,6,1,11,0,0,0,0,0,0,
392,26,0,0,3,3,0,7,1,10,0,0,0,0,0,0,
393,27,1,1,2,2,0,6,0,12,0,0,0,1,0,0,
394,25,0,1,3,1,0,6,0,12,0,0,0,0,0,0,
395,25,0,1,3,2,0,7,0,10,0,0,0,0,0,0,
396,27,1,0,2,1,0,7,0,13,0,0,0,0,0,0,
397,30,1,1,2,1,0,7,0,13,0,0,0,1,0,0,
398,26,0,0,4,4,1,6,0,11,0,0,0,0,0,0,
399,26,0,1,2,1,0,7,1,11,0,0,0,1,0,0,
400,26,0,0,2,1,0,7,1,11,0,0,0,1,0,0,
401,26,0,0,2,2,0,7,0,12,0,0,0,0,0,0,
402,26,0,1,2,2,0,7,1,10,0,0,0,1,0,0,
403,26,1,1,3,1,1,7,0,11,0,0,0,0,0,0,
404,29,0,0,3,3,0,8,0,13,0,0,0,0,0,0,
405,28,0,0,2,1,0,8,0,12,0,0,0,1,0,0,
406,25,0,0,3,3,1,7,0,11,0,0,0,0,0,0,
407,24,1,0,2,0,0,6,1,8,0,0,0,2,0,0,
408,25,0,0,2,1,0,6,0,11,0,0,0,0,0,0,
409,28,0,0,2,2,0,7,1,10,0,0,0,2,0,0,
410,25,0,0,3,3,0,7,0,11,0,0,0,0,0,0,
411,26,0,0,3,3,0,6,1,11,0,0,0,1,0,0,
412,32,2,0,3,2,1,8,1,13,0,0,0,1,0,0,
413,31,1,0,4,4,0,8,0,13,0,0,0,0,0,0,
414,26,1,0,2,1,0,7,1,11,0,0,0,1,0,0,
415,27,0,0,3,2,0,7,0,11,0,0,0,2,0,0,
416,25,0,1,3,2,0,7,0,11,0,0,0,0,0,0,
417,25,1,1,3,3,0,7,1,8,0,0,0,0,0,0,
418,28,2,0,2,2,0,7,1,11,0,0,0,2,0,0,
419,25,0,0,3,3,0,7,0,11,0,0,0,0,0,0,
420,28,1,1,2,1,1,8,1,11,0,0,0,0,0,0,
421,32,0,0,2,2,1,7,1,13,0,0,0,2,0,0,
422,26,1,0,2,1,1,6,1,11,0,0,0,1,0,0,
423,28,0,1,3,2,0,7,1,11,0,0,0,1,0,0,
424,27,0,1,3,3,0,7,1,11,0,0,0,1,0,0,
425,27,0,0,4,4,0,7,1,11,0,0,0,1,0,0,
426,26,1,0,2,2,1,7,0,11,0,0,0,0,0,0,
427,28,0,1,2,2,0,7,0,12,0,0,0,2,0,0,
428,30,1,1,4,4,0,6,0,12,0,0,0,2,0,0,
429,26,0,0,4,4,0,6,1,11,0,0,0,0,0,0,
430,24,1,0,3,2,0,6,0,11,0,0,0,0,0,0,
431,25,0,1,3,2,0,6,1,11,0,0,0,0,0,0,
432,26,1,0,2,2,0,7,0,11,0,0,0,1,0,0,
433,25,1,0,3,2,0,6,1,11,0,0,0,1,0,0,
434,26,1,1,3,3,0,6,0,12,0,0,0,0,0,0,
435,26,0,0,2,2,0,6,1,9,0,0,0,3,0,0,
436,31,1,0,4,4,0,8,0,12,0,0,0,1,0,0,
437,25,1,1,3,3,0,6,0,12,0,0,0,0,0,0,
438,26,1,0,2,1,0,7,0,11,0,0,0,1,0,0,
439,26,1,0,3,3,0,6,0,12,0,0,0,2,0,0,
440,26,0,0,2,0,0,7,1,11,0,0,0,1,0,0,
441,25,0,0,3,2,0,7,0,11,0,0,0,0,0,0,
442,24,0,1,2,1,0,7,0,10,0,0,0,0,0,0,
443,27,0,0,2,1,0,8,0,11,0,0,0,0,0,0,
444,32,0,2,3,3,0,7,1,13,0,0,0,2,0,0,
445,27,0,0,3,2,0,7,0,12,0,0,0,0,0,0,
446,29,1,1,3,3,0,7,0,13,0,0,0,1,0,0,
447,27,0,1,3,2,0,7,0,11,0,0,0,2,0,0,
448,26,0,1,2,2,0,6,0,12,0,0,0,1,0,0,
449,26,0,0,2,1,0,6,1,11,0,0,0,1,0,0,
450,26,0,1,3,2,0,7,0,11,0,0,0,0,0,0,
451,27,0,1,2,2,0,7,0,11,0,0,0,2,0,0,
452,29,0,0,2,2,0,7,0,12,0,0,0,2,0,0,
453,28,0,0,3,2,0,8,0,12,0,0,0,0,0,0,
454,29,2,0,3,1,0,6,0,13,0,0,0,1,0,0,
455,26,0,1,3,3,0,7,1,10,0,0,0,0,0,0,
456,23,0,1,3,3,1,7,0,9,0,0,0,0,0,0,
457,26,0,0,3,3,1,7,1,10,0,0,0,1,0,0,
458,24,0,0,3,2,0,7,0,10,0,0,0,1,0,0,
459,28,0,1,4,4,0,7,0,11,0,0,0,2,0,0,
460,30,0,1,3,3,1,6,0,13,0,0,0,1,0,0,
461,26,0,0,3,2,0,7,1,11,0,0,0,0,0,0,
462,25,0,0,2,2,1,6,1,11,0,0,0,0,0,0,
463,26,1,2,2,2,0,7,0,11,0,0,0,0,0,0,
464,26,1,0,3,3,1,8,0,11,0,0,0,0,0,0,
465,25,2,0,2,1,0,7,0,11,0,0,0,0,0,0,
466,25,1,0,3,3,0,7,0,11,0,0,0,0,0,0,
467,25,0,0,2,1,0,7,1,10,0,0,0,1,0,0,
468,27,1,0,3,3,0,6,0,13,0,0,0,0,0,0,
469,31,0,0,2,2,0,9,0,12,0,0,0,2,0,0,
470,28,0,1,2,2,0,7,0,12,0,0,0,2,0,0,
471,26,1,0,2,2,0,6,1,11,0,0,0,1,0,0,
472,25,1,0,3,3,1,7,0,11,0,0,0,0,0,0,
473,26,0,0,2,2,0,7,0,10,0,0,0,2,0,0,
474,26,0,0,3,3,0,6,0,11,0,0,0,1,0,0,
475,25,0,0,3,1,0,6,1,11,0,0,0,1,0,0,
476,27,0,1,3,2,0,7,0,11,0,0,0,1,0,0,
477,28,1,0,4,2,0,6,0,13,0,0,0,0,0,0,
478,28,1,0,4,4,0,8,0,12,0,0,0,0,0,0,
479,25,0,0,2,2,0,7,1,11,0,0,0,0,0,0,
480,25,0,1,2,2,0,7,1,11,0,0,0,0,0,0,
481,26,0,0,3,3,0,7,1,11,0,0,0,1,0,0,
482,26,1,0,3,0,0,6,1,11,0,0,0,2,0,0,
483,27,0,0,3,2,0,7,1,12,0,0,0,1,0,0,
484,28,0,0,2,2,0,7,0,10,0,0,0,4,0,0,
485,30,1,0,4,1,0,7,0,14,0,0,0,0,0,0,
486,26,0,1,2,1,0,7,1,11,0,0,0,1,0,0,
487,23,0,0,3,2,0,7,0,8,0,0,0,1,0,0,
488,25,0,0,3,2,0,6,1,11,0,0,0,0,0,0,
489,28,0,0,4,3,0,6,0,11,0,0,0,2,0,0,
490,25,1,0,3,3,0,6,1,11,0,0,0,1,0,0,
491,26,1,0,3,3,0,6,1,11,0,0,0,1,0,0,
492,26,1,1,3,1,0,7,1,11,0,0,0,0,0,0,
493,31,1,2,4,3,0,7,0,12,0,0,0,1,0,0,
494,28,0,1,4,3,0,7,1,11,0,0,0,1,0,0,
495,25,1,0,3,3,0,6,0,12,0,0,0,0,0,0,
496,26,0,0,3,3,0,6,1,11,0,0,0,1,0,0,
497,25,0,0,3,1,0,7,0,11,0,0,0,0,0,0,
498,26,0,0,3,2,1,6,0,12,0,0,0,0,0,0,
499,24,0,2,3,2,0,7,1,9,0,0,0,1,0,0,
500,26,0,0,2,1,1,6,0,10,0,0,0,2,0,0,
501,27,1,1,3,3,0,7,1,12,0,0,0,0,0,0,
502,29,0,0,3,3,1,7,1,13,0,0,0,1,0,0,
503,26,1,1,2,2,1,6,0,12,0,0,0,0,0,0,
504,26,1,1,3,3,0,7,0,11,0,0,0,0,0,0,
505,26,1,1,2,2,0,7,1,11,0,0,0,1,0,0,
506,24,1,0,3,2,0,7,0,9,0,0,0,1,0,0,
507,27,1,0,3,3,0,6,0,12,0,0,0,2,0,0,
508,25,1,0,3,2,0,7,1,10,0,0,0,0,0,0,
509,29,2,1,2,1,0,6,1,11,0,0,0,2,0,0,
510,27,0,1,3,2,0,8,0,12,0,0,0,0,0,0,
511,27,1,1,3,2,0,7,1,10,0,0,0,1,0,0,
512,25,2,0,3,3,0,7,0,11,0,0,0,0,0,0,
513,27,0,0,3,3,0,6,0,11,0,0,0,2,0,0,
514,26,1,1,3,3,0,6,1,11,0,0,0,1,0,0,
515,25,1,0,3,3,0,6,0,11,0,0,0,0,0,0,
516,26,0,0,2,1,0,8,1,10,0,0,0,1,0,0,
517,29,0,1,3,3,0,7,0,13,0,0,0,1,0,0,
518,29,2,0,3,2,0,8,0,13,0,0,0,0,0,0,
519,25,0,0,3,3,0,7,0,10,0,0,0,1,0,0,
520,28,0,1,3,2,0,8,1,12,0,0,0,1,0,0,
521,26,1,1,3,2,0,7,1,11,0,0,0,0,0,0,
522,27,0,1,3,3,0,8,0,11,0,0,0,0,0,0,
523,28,0,0,4,3,0,6,0,12,0,0,0,2,0,0,
524,25,0,0,2,2,0,7,0,11,0,0,0,0,0,0,
525,29,1,0,2,2,1,7,1,12,0,0,0,1,0,0,
526,30,1,0,3,3,1,7,1,12,0,0,0,2,0,0,
527,28,0,2,4,3,0,7,1,12,0,0,0,1,0,0,
528,29,1,2,3,2,0,8,0,13,0,0,0,0,0,0,
529,26,1,0,2,2,0,7,0,12,0,0,0,0,0,0,
530,27,0,0,3,3,0,7,0,11,0,0,0,1,0,0,
531,24,1,1,3,3,0,7,1,9,0,0,0,1,0,0,
532,26,0,0,2,2,0,7,0,11,0,0,0,0,0,0,
533,31,1,0,2,2,0,8,0,13,0,0,0,1,0,0,
534,28,1,1,4,3,0,7,0,11,0,0,0,1,0,0,
535,25,1,0,3,2,0,7,0,11,0,0,0,0,0,0,
536,25,1,1,2,1,0,6,0,11,0,0,0,0,0,0,
537,28,0,0,4,3,0,7,1,12,0,0,0,0,0,0,
538,26,0,0,2,2,0,7,0,11,0,0,0,1,0,0,
539,24,2,0,3,2,0,7,0,8,0,0,0,0,0,0,
540,25,0,2,2,1,0,7,1,11,0,0,0,0,0,0,
541,28,0,2,3,2,0,7,1,11,0,0,0,1,0,0,
542,33,1,0,4,4,1,10,0,12,0,0,0,0,0,0,
543,26,0,2,3,2,0,7,0,11,0,0,0,0,0,0,
544,26,0,0,3,2,0,7,0,11,0,0,0,0,0,0,
545,26,0,0,3,1,1,7,0,11,0,0,0,1,0,0,
546,26,0,0,3,2,0,6,1,11,0,0,0,1,0,0,
547,26,0,0,3,2,0,7,0,11,0,0,0,0,0,0,
548,26,1,0,2,2,1,6,1,11,0,0,0,1,0,0,
549,28,0,0,4,3,0,7,0,13,0,0,0,1,0,0,
550,28,1,1,3,2,0,8,1,12,0,0,0,1,0,0,
551,27,0,1,2,2,0,7,0,11,0,0,0,1,0,0,
552,27,2,0,2,2,0,6,0,11,0,0,0,1,0,0,
553,27,1,1,3,2,0,7,1,11,0,0,0,0,0,0,
554,26,0,0,2,1,0,6,0,12,0,0,0,1,0,0,
555,25,0,1,3,3,0,7,1,10,0,0,0,1,0,0,
556,26,0,0,3,1,0,6,1,11,0,0,0,1,0,0,
557,26,2,0,2,2,0,6,0,10,0,0,0,1,0,0,
558,29,0,0,3,3,1,7,1,13,0,0,0,1,0,0,
559,26,0,0,3,3,0,6,1,11,0,0,0,1,0,0,
560,25,1,0,3,3,0,7,1,10,0,0,0,0,0,0,
561,26,1,0,3,2,0,7,1,11,0,0,0,1,0,0,
562,40,1,0,4,3,0,7,1,11,0,0,0,1,0,0,
563,26,0,0,3,2,0,6,0,12,0,0,0,1,0,0,
564,25,0,0,3,2,1,6,0,12,0,0,0,0,0,0,
565,28,0,0,3,2,1,7,0,13,0,0,0,1,0,0,
566,30,0,1,3,2,0,7,1,14,0,0,0,1,0,0,
567,27,1,0,2,2,0,8,1,10,0,0,0,1,0,0,
568,27,1,0,3,3,0,7,0,11,0,0,0,2,0,0,
569,25,0,0,3,2,0,7,0,11,0,0,0,0,0,0,
570,26,0,0,2,2,0,7,0,11,0,0,0,1,0,0,
571,26,0,1,3,3,0,7,0,11,0,0,0,1,0,0,
572,26,0,0,4,4,0,7,0,11,0,0,0,0,0,0,
573,28,0,1,2,1,0,6,1,12,0,0,0,1,0,0,
574,30,0,0,3,2,0,6,1,12,0,0,0,2,0,0,
575,51,1,1,3,3,0,7,1,26,0,0,0,5,0,0,
576,39,2,1,10,10,0,6,0,13,0,0,0,0,0,0,
577,28,0,0,4,3,1,8,0,11,0,0,0,0,0,0,
578,26,0,1,2,2,0,7,0,10,0,0,0,2,0,0,
579,26,0,0,3,2,1,7,1,10,0,0,0,1,0,0,
580,31,1,1,5,4,0,7,0,13,0,0,0,1,0,0,
581,33,0,0,4,3,0,7,2,11,0,0,0,2,0,0,
582,27,0,0,4,4,0,7,1,11,0,0,0,1,0,0,
583,25,0,0,3,3,1,7,0,10,0,0,0,1,0,0,
584,26,0,0,2,2,0,7,0,11,0,0,0,0,0,0,
585,27,0,0,3,2,0,7,0,11,0,0,0,1,0,0,
586,25,0,0,3,3,1,7,0,11,0,0,0,0,0,0,
587,26,1,0,3,2,1,7,0,11,0,0,0,1,0,0,
588,29,0,0,2,2,0,6,0,14,0,0,0,1,0,0,
589,30,1,0,3,3,0,8,1,13,0,0,0,1,0,0,
590,27,2,0,3,3,0,7,0,11,0,0,0,1,0,0,
591,25,0,2,3,2,0,6,1,11,0,0,0,1,0,0,
592,25,0,0,3,2,0,7,1,10,0,0,0,0,0,0,
593,25,1,0,2,1,1,7,0,11,0,0,0,0,0,0,
594,25,1,1,3,3,0,7,0,10,0,0,0,0,0,0,
595,24,1,0,2,2,1,7,0,10,0,0,0,0,0,0,
596,30,0,0,2,2,0,8,1,13,0,0,0,1,0,0,
597,28,0,0,3,2,0,8,0,12,0,0,0,0,0,0,
598,28,1,1,2,1,0,8,0,11,0,0,0,2,0,0,
599,32,0,0,4,3,0,7,0,16,0,0,0,0,0,0,
600,26,0,1,3,2,1,7,0,11,0,0,0,1,0,0,
601,26,0,0,2,1,0,7,1,11,0,0,0,1,0,0,
602,27,0,1,3,2,2,7,0,12,0,0,0,1,0,0,
603,29,0,1,3,2,0,7,0,12,0,0,0,1,0,0,
604,30,1,0,2,1,0,6,0,15,0,0,0,0,0,0,
605,26,0,0,2,0,0,7,1,11,0,0,0,1,0,0,
606,29,0,1,4,2,0,8,0,12,0,0,0,1,0,0,
607,26,1,0,3,3,0,7,0,11,0,0,0,1,0,0,
608,27,0,1,2,2,0,6,1,11,0,0,0,1,0,0,
609,26,0,1,3,3,1,7,0,11,0,0,0,1,0,0,
610,25,0,0,2,1,1,6,0,11,0,0,0,0,0,0,
611,32,0,1,2,2,1,7,1,12,0,0,0,1,0,0,
612,27,1,0,4,4,0,7,0,11,0,0,0,0,0,0,
613,27,0,1,2,2,1,7,1,11,0,0,0,1,0,0,
614,26,1,1,3,2,1,7,0,11,0,0,0,0,0,0,
615,26,0,2,3,2,0,7,1,10,0,0,0,2,0,0,
616,26,1,0,3,2,0,6,0,12,0,0,0,1,0,0,
617,26,2,1,3,3,0,7,0,11,0,0,0,0,0,0,
618,27,1,0,3,3,1,7,1,11,0,0,0,1,0,0,
619,31,0,1,3,2,0,8,1,12,0,0,0,1,0,0,
620,28,0,0,3,2,1,8,1,11,0,0,0,1,0,0,
621,25,0,0,3,3,0,6,0,12,0,0,0,0,0,0,
622,25,0,1,3,2,0,7,0,11,0,0,0,0,0,0,
623,26,0,0,2,1,0,7,0,11,0,0,0,1,0,0,
624,25,0,2,3,3,0,6,0,12,0,0,0,0,0,0,
625,27,0,0,2,1,0,7,0,11,0,0,0,2,0,0,
626,25,1,1,3,3,0,6,0,11,0,0,0,1,0,0,
627,26,0,0,3,3,0,7,0,12,0,0,0,0,0,0,
628,27,0,1,2,2,0,7,1,12,0,0,0,0,0,0,
629,26,1,0,3,2,0,7,1,11,0,0,0,1,0,0,
630,26,1,0,2,2,0,6,1,11,0,0,0,1,0,0,
631,26,0,0,3,2,0,6,0,12,0,0,0,1,0,0,
632,25,0,0,3,3,0,6,1,11,0,0,0,0,0,0,
633,25,0,1,2,2,0,6,0,12,0,0,0,0,0,0,
634,26,0,1,2,1,0,6,1,11,0,0,0,1,0,0,
635,28,0,2,3,3,0,6,1,12,0,0,0,1,0,0,
636,30,0,1,3,3,0,7,1,13,0,0,0,0,0,0,
637,27,0,0,3,2,0,7,0,12,0,0,0,1,0,0,
638,28,1,1,3,2,0,7,0,11,0,0,0,1,0,0,
639,26,0,1,4,4,1,6,1,10,0,0,0,1,0,0,
640,25,1,0,3,2,0,7,1,10,0,0,0,0,0,0,
641,25,0,0,2,1,0,7,1,10,0,0,0,1,0,0,
642,26,0,0,3,3,0,7,0,10,0,0,0,1,0,0,
643,28,1,1,2,1,0,6,0,13,0,0,0,0,0,0,
644,29,0,1,3,2,0,7,0,13,0,0,0,0,0,0,
645,26,0,2,2,2,1,6,0,12,0,0,0,0,0,0,
646,27,0,0,3,2,1,6,0,11,0,0,0,1,0,0,
